kelaltechet@gmail.com,Testing contact form!,Test 1.2..3...
test@test.com,Testing,asdfasdfasdf
test@test.com,Testing,asdfasdfasdf
kelaltechet@gmail.com,Test,Testing....
kelaltechet@gmail.com,Testing Log,This is a log test to check contact me logging....
kelaltechet@gmail.com,Testing Log,This is a log test to check contact me logging....
kelaltechet@gmail.com,Testing Log asdf,This is a log test to check contact me logging....asdfasdf
kelaltechet@gmail.com,Testing Log,This is a log test to check contact me logging...
kelaltechet@gmail.com,Testing Log,This is a log test to check contact me logging...
kelaltechet@gmail.com,Testing Log,This is a log test to check contact me logging...
